eeg_id,seizure_vote,lpd_vote,gpd_vote,lrda_vote,grda_vote,other_vote
3911565283,0.47163457,0.042415638,0.004082751,0.041237615,0.0023302422,0.43829924
