eeg_id,seizure_vote,lpd_vote,gpd_vote,lrda_vote,grda_vote,other_vote
3911565283,0.10500706,0.17662153,0.0056881956,0.3590355,0.012486362,0.34116143
